"","x"
"1","Expected results file results/job_results_805/results.rdata does not exist"
"2","Expected results file results/job_results_811/results.rdata does not exist"
"3","Expected results file results/job_results_812/results.rdata does not exist"
"4","Expected results file results/job_results_813/results.rdata does not exist"
"5","Expected results file results/job_results_815/results.rdata does not exist"
"6","Expected results file results/job_results_816/results.rdata does not exist"
"7","Expected results file results/job_results_817/results.rdata does not exist"
"8","Expected results file results/job_results_821/results.rdata does not exist"
"9","Expected results file results/job_results_822/results.rdata does not exist"
"10","Expected results file results/job_results_824/results.rdata does not exist"
"11","Expected results file results/job_results_826/results.rdata does not exist"
"12","Expected results file results/job_results_839/results.rdata does not exist"
"13","Expected results file results/job_results_874/results.rdata does not exist"
"14","Expected results file results/job_results_892/results.rdata does not exist"
